1.9999999999999e-13,0.488421923243694
0.0019990000001998,0.44986453431292495
0.0039960000001996,0.44431292615156154
0.0059910000001994,0.44046918318323164
0.0079840000001992,0.4374128343771793
0.009975000000199,0.4348242090305029
0.0119640000001988,0.4325505046128038
0.0139510000001986,0.43050558580787834
0.0159360000001984,0.4286356276063806
0.0179190000001982,0.4269045179088829
0.019900000000198002,0.42528673089741653
0.021879000000197803,0.42376348723349355
0.0238560000001976,0.4223205262214881
0.0258310000001974,0.4209467362830678
0.027804000000197202,0.4196332729836458
0.029775000000197,0.4183729688840076
0.0317440000001968,0.4171599257898582
0.033711000000196605,0.4159892252340945
0.035676000000196405,0.414856718020817
0.037639000000196196,0.4137588680786011
0.039600000000196,0.412692634506567
0.0415590000001958,0.4116553810410741
0.04351600000019561,0.41064480557431
0.0454710000001954,0.40965888457921384
0.0474240000001952,0.4086958287806395
0.049375000000195,0.40775404742559634
0.051324000000194804,0.40683211920891105
0.0532710000001946,0.40592876840746905
0.0552160000001944,0.4050428451324086
0.0571590000001942,0.40417330886762765
0.059100000000194004,0.40331921465367737
0.0610390000001938,0.4024797014182252
0.06297600000019361,0.4016539820613219
0.0649110000001934,0.40084133498517077
0.0668440000001932,0.40004109682067207
0.068775000000193,0.3992526561515172
0.07070400000019281,0.3984754480744925
0.0726310000001926,0.397708949464495
0.07455600000019241,0.39695267483642427
0.0764790000001922,0.39620617271501324
0.07840000000019201,0.3954690224388429
0.08031900000019179,0.39474083133707577
0.0822360000001916,0.3940212322274183
0.08415100000019139,0.3933098811919973
0.08606400000019121,0.3926064555945417
0.087975000000191,0.3919106523078036
0.08988400000019081,0.39122218612475657
0.09179100000019061,0.39054078833093653
0.0936960000001904,0.389866205418504
0.0955990000001902,0.3891981979253004
0.09750000000019,0.3885365393844475
0.0993990000001898,0.3878810153719607
0.10129600000018961,0.3872314226414946
0.1031910000001894,0.3865875683367202
0.1050840000001892,0.38594926927303813
0.106975000000189,0.38531635128135366
0.10886400000018881,0.38468864860751645
0.11075100000018859,0.3840660033617977
0.1126360000001884,0.38344826501342555
0.11451900000018819,0.38283528992578203
0.116400000000188,0.38222694092835147
0.1182790000001878,0.3816230869219543
0.12015600000018761,0.38102360251417167
0.1220310000001874,0.38042836768220123
0.12390400000018721,0.3798372674606804
0.12577500000018701,0.37925019165226226
0.1276440000001868,0.37866703455896383
0.12951100000018662,0.3780876947325023
0.13137600000018643,0.3775120747420133
0.13323900000018618,0.3769400809577024
0.135100000000186,0.3763716233491241
0.1369590000001858,0.37580661529689935
0.1388160000001856,0.3752449734168052
0.1406710000001854,0.37468661739525744
0.1425240000001852,0.3741314698353063
0.144375000000185,0.3735794561123371
0.14622400000018482,0.3730305042387449
0.1480710000001846,0.3724845447369132
0.1499160000001844,0.3719415105198854
0.1517590000001842,0.371401336779171
0.153600000000184,0.3708639608791745
0.1554390000001838,0.3703293222577782
0.1572760000001836,0.3697973623326478
0.1591110000001834,0.369268024412867
0.16094400000018322,0.36874125361553484
0.162775000000183,0.36821699678699404
0.1646040000001828,0.3676952024283796
0.16643100000018257,0.36717582062520354
0.1682560000001824,0.36665880298071357
0.1700790000001822,0.36614410255278257
0.171900000000182,0.3656316737941029
0.17371900000018178,0.3651214724954799
0.1755360000001816,0.36461345573202975
0.17735100000018142,0.3641075818121032
0.1791640000001812,0.36360381022877036
0.180975000000181,0.3631021016137099
0.1827840000001808,0.36260241769336254
0.1845910000001806,0.3621047212472115
0.18639600000018042,0.36160897606806947
0.1881990000001802,0.36111514692425245
0.19000000000018002,0.3606231995235364
0.19179900000017983,0.36013310047879205
0.1935960000001796,0.35964481727520625
0.1953910000001794,0.3591583182390005
0.1971840000001792,0.3586735725075656
0.198975000000179,0.35819055000093364
0.2007640000001788,0.3577092213945162
0.20255100000017862,0.35722955809304185
0.2043360000001784,0.35675153220562755
0.20611900000017822,0.35627511652192584
0.207900000000178,0.35580028448929224
0.2096790000001778,0.3553270101909188
0.2114560000001776,0.354855268324887
0.21323100000017742,0.35438503418408995
0.21500400000017722,0.35391628363698413
0.21677500000017702,0.3534489931091271
0.21854400000017682,0.3529831395654624
0.22031100000017662,0.35251870049331746
0.22207600000017638,0.3520556538860771
0.2238390000001762,0.351593978227502
0.225600000000176,0.351133652476661
0.2273590000001758,0.35067465605344866
0.2291160000001756,0.35021696882465925
0.2308710000001754,0.34976057109059366
0.2326240000001752,0.34930544357217275
0.23437500000017503,0.34885156739853485
0.2361240000001748,0.3483989240950953
0.2378710000001746,0.34794749557204735
0.2396160000001744,0.347497264113285
0.2413590000001742,0.34704821236572886
0.243100000000174,0.3466003233290364
0.24483900000017383,0.3461535803456822
0.2465760000001736,0.3457079670913902
0.24831100000017342,0.34526346756590226
0.25004400000017324,0.3448200660840727
0.25177500000017305,0.3443777472672693
0.2535040000001728,0.34393649603507304
0.2552310000001726,0.3434962975972607
0.25695600000017244,0.3430571374460605
0.25867900000017224,0.3426190013486688
0.26040000000017205,0.34218187534001804
0.26211900000017185,0.34174574571578403
0.2638360000001716,0.34131059902562516
0.2655510000001714,0.3408764220666424
0.2672640000001712,0.3404432018770535
0.268975000000171,0.34001092573006975
0.2706840000001708,0.3395795811279714
0.2723910000001706,0.33914915579636995
0.27409600000017037,0.33871963767865404
0.2757990000001702,0.33829101493060854
0.27750000000017,0.33786327591520227
0.2791990000001698,0.33743640919753787
0.28089600000016957,0.33701040353995637
0.2825910000001694,0.33658524789729233
0.2842840000001692,0.3361609314122738
0.285975000000169,0.3357374434110595
0.2876640000001688,0.33531477339891214
0.2893510000001686,0.334892911055999
0.2910360000001684,0.33447184623331855
0.2927190000001682,0.33405156894874577
0.294400000000168,0.3336320693831938
0.29607900000016785,0.3332133378768871
0.2977560000001676,0.3327953649257424
0.2994310000001674,0.3323781411778533
0.3011040000001672,0.3319616574300757
0.30277500000016705,0.3315459046247097
0.3044440000001668,0.3311308738462754
0.3061110000001666,0.330716556318378
0.3077760000001664,0.3303029434006623
0.3094390000001662,0.3298900265858496
0.311100000000166,0.3294777974968565
0.3127590000001658,0.3290662478839941
0.3144160000001656,0.3286553696222406
0.3160710000001654,0.3282451547085908
0.3177240000001652,0.3278355952594741
0.319375000000165,0.32742668350824344
0.3210240000001648,0.32701841180273017
0.3226710000001646,0.32661077260286314
0.32431600000016436,0.32620375847835154
0.3259590000001642,0.3257973621064269
0.327600000000164,0.3253915762696452
0.3292390000001638,0.3249863938537441
0.3308760000001636,0.3245818078455573
0.3325110000001634,0.32417781133097945
0.3341440000001632,0.3237743974929858
0.335775000000163,0.3233715596096995
0.3374040000001628,0.3229692910525091
0.3390310000001626,0.3225675852842316
0.3406560000001624,0.3221664358573227
0.3422790000001622,0.32176583641213025
0.343900000000162,0.3213657806751909
0.34551900000016184,0.3209662624575692
0.3471360000001616,0.32056727565323545
0.3487510000001614,0.32016881423748467
0.3503640000001612,0.3197708722653924
0.351975000000161,0.3193734438703083
0.3535840000001608,0.31897652326238457
0.35519100000016063,0.31858010472714077
0.35679600000016043,0.3181841826240615
0.35839900000016023,0.3177887513852267
0.36000000000016,0.3173938055139753
0.3615990000001598,0.316999339583598
0.3631960000001596,0.31660534823606273
0.36479100000015946,0.31621182618076676
0.3663840000001592,0.3158187681933193
0.36797500000015904,0.31542616911435123
0.3695640000001588,0.3150340238483514
0.3711510000001586,0.3146423273625302
0.3727360000001584,0.31425107468570723
0.37431900000015816,0.31386026090722535
0.375900000000158,0.31346988117588714
0.37747900000015777,0.31307993069891726
0.37905600000015754,0.3126904047409445
0.38063100000015737,0.31230129862300965
0.3822040000001572,0.3119126077215919
0.383775000000157,0.3115243274676585
0.3853440000001568,0.311136453345734
0.3869110000001566,0.3107489808929892
0.3884760000001564,0.3103619056983508
0.39003900000015623,0.30997522340162914
0.391600000000156,0.30958892969266405
0.3931590000001558,0.30920302031048996
0.3947160000001556,0.3088174910425174
0.3962710000001554,0.3084323377237324
0.39782400000015516,0.30804755623591246
0.399375000000155,0.30766314250685745
0.4009240000001548,0.30727909250963903
0.4024710000001546,0.306895402261863
0.4040160000001544,0.306512067824948
0.4055590000001542,0.30612908530341837
0.40710000000015406,0.30574645084421187
0.4086390000001538,0.30536416063600114
0.4101760000001536,0.30498221090852806
0.4117110000001534,0.304600597931953
0.41324400000015327,0.3042193180162156
0.41477500000015305,0.30383836751040877
0.41630400000015283,0.30345774280216525
0.4178310000001526,0.30307744031705597
0.41935600000015244,0.30269745651800006
0.42087900000015216,0.30231778790468705
0.422400000000152,0.30193843101300866
0.4239190000001518,0.3015593824145046
0.42543600000015164,0.30118063871581513
0.4269510000001514,0.3008021965581475
0.4284640000001512,0.30042405261675054
0.429975000000151,0.30004620360040035
0.4314840000001508,0.29966864625089473
0.4329910000001506,0.29929137734255834
0.43449600000015043,0.2989143936817561
0.4359990000001502,0.298537692106416
0.43750000000015005,0.2981612694855613
0.43899900000014985,0.2977851227188508
0.4404960000001496,0.29740924873612784
0.44199100000014946,0.2970336444969772
0.44348400000014926,0.2966583069902914
0.44497500000014895,0.296283233233843
0.4464640000001488,0.2959084202738661
0.44795100000014854,0.29553386518464553
0.4494360000001484,0.29515956506811186
0.4509190000001482,0.2947855170534453
0.452400000000148,0.29441171829668666
0.45387900000014775,0.2940381659803538
0.4553560000001476,0.293664857313066
0.45683100000014737,0.2932917895291755
0.4583040000001472,0.292918959888404
0.459775000000147,0.29254636567548664
0.4612440000001468,0.29217400419982187
0.4627110000001466,0.29180187279512787
0.4641760000001464,0.2914299688191037
0.4656390000001462,0.2910582896530981
0.467100000000146,0.290686832701782
0.4685590000001458,0.2903155953928288
0.4700160000001456,0.28994457517659794
0.47147100000014536,0.2895737695258256
0.47292400000014523,0.2892031759353196
0.474375000000145,0.28883279192166017
0.4758240000001448,0.28846261502290466
0.4772710000001446,0.2880926427982987
0.4787160000001444,0.28772287282799136
0.48015900000014416,0.2873533027127544
0.481600000000144,0.28698393007370776
0.48303900000014377,0.2866147525520481
0.4844760000001436,0.2862457678087827
0.48591100000014337,0.2858769735244675
0.4873440000001432,0.2855083673989491
0.488775000000143,0.28513994715111146
0.4902040000001428,0.2847717105186266
0.4916310000001426,0.2844036552577088
0.49305600000014244,0.28403577914287365
0.4944790000001422,0.28366807996670007
0.495900000000142,0.283300555539597
0.4973190000001418,0.2829332036895726
0.4987360000001416,0.2825660222620091
0.5001510000001415,0.282199009119439
0.5015640000001412,0.28183216214132606
0.5029750000001411,0.2814654792238495
0.5043840000001408,0.2810989582796918
0.5057910000001407,0.2807325972378292
0.5071960000001404,0.28036639404332586
0.5085990000001402,0.2800003466571314
0.51000000000014,0.27963445305588136
0.5113990000001398,0.2792687112317002
0.5127960000001397,0.2789031191920086
0.5141910000001394,0.2785376749593323
0.5155840000001393,0.2781723765711145
0.516975000000139,0.277807222079532
0.5183640000001388,0.27744220955131177
0.5197510000001386,0.27707733706755305
0.5211360000001385,0.27671260272354997
0.5225190000001382,0.27634800462861814
0.523900000000138,0.2759835409059229
0.5252790000001378,0.27561920969231124
0.5266560000001377,0.27525500913814477
0.5280310000001375,0.27489093740713644
0.5294040000001372,0.27452699267618924
0.530775000000137,0.27416317313523675
0.5321440000001368,0.27379947698708673
0.5335110000001366,0.2734359024472667
0.5348760000001365,0.27307244774387196
0.5362390000001362,0.2727091111174153
0.537600000000136,0.2723458908206792
0.5389590000001357,0.27198278511857066
0.5403160000001356,0.27161979228797706
0.5416710000001355,0.2712569106176251
0.5430240000001352,0.2708941384079409
0.544375000000135,0.2705314739709128
0.5457240000001348,0.27016891562995554
0.5470710000001346,0.26980646171977674
0.5484160000001344,0.2694441105862451
0.5497590000001341,0.26908186058626055
0.551100000000134,0.2687197100876257
0.5524390000001338,0.26835765746892026
0.5537760000001336,0.2679957011193756
0.5551110000001334,0.26763383943875285
0.5564440000001332,0.2672720708372206
0.557775000000133,0.26691039373523645
0.5591040000001328,0.2665488065634286
0.5604310000001326,0.2661873077624796
0.5617560000001324,0.26582589578301197
0.5630790000001322,0.2654645690854745
0.564400000000132,0.26510332614003185
0.5657190000001318,0.264742165426453
0.5670360000001317,0.26438108543400357
0.5683510000001314,0.2640200846613387
0.5696640000001312,0.26365916161639674
0.570975000000131,0.2632983148162956
0.5722840000001308,0.26293754278722975
0.5735910000001306,0.2625768440643678
0.5748960000001304,0.26221621719175375
0.5761990000001301,0.26185566072220684
0.57750000000013,0.2614951732172246
0.5787990000001298,0.2611347532468861
0.5800960000001296,0.26077439938975777
0.5813910000001293,0.26041411023279837
0.5826840000001292,0.26005388437126686
0.583975000000129,0.25969372040863176
0.5852640000001288,0.2593336169564795
0.5865510000001286,0.2589735726344264
0.5878360000001284,0.2586135860700303
0.5891190000001283,0.25825365589870375
0.590400000000128,0.25789378076362846
0.5916790000001277,0.25753395931567075
0.5929560000001276,0.25717419021329707
0.5942310000001275,0.256814472122493
0.5955040000001273,0.2564548037166808
0.596775000000127,0.25609518367663864
0.5980440000001268,0.25573561069042217
0.5993110000001267,0.2553760834532852
0.6005760000001265,0.2550166006676032
0.6018390000001262,0.2546571610427951
0.603100000000126,0.2542977632952494
0.6043590000001259,0.2539384061482486
0.6056160000001256,0.2535790883318958
0.6068710000001254,0.25321980858304166
0.6081240000001252,0.2528605656452124
0.6093750000001251,0.252501358268539
0.6106240000001248,0.252142185209687
0.6118710000001246,0.25178304523178646
0.6131160000001245,0.2514239371043641
0.6143590000001243,0.25106485960327557
0.615600000000124,0.25070581151063837
0.6168390000001238,0.2503467916147653
0.6180760000001236,0.24998779871010002
0.6193110000001235,0.24962883159715177
0.6205440000001232,0.24926988908243222
0.621775000000123,0.24891096997839157
0.6230040000001228,0.2485520731033571
0.6242310000001227,0.2481931972814713
0.6254560000001224,0.24783434134263074
0.6266790000001222,0.24747550412242636
0.6279000000001219,0.24711668446208399
0.6291190000001218,0.24675788120840497
0.6303360000001216,0.246399093213709
0.6315510000001214,0.2460403193357763
0.6327640000001211,0.24568155843779077
0.633975000000121,0.2453228093882838
0.6351840000001208,0.24496407106107929
0.6363910000001206,0.24460534233523817
0.6375960000001204,0.24424662209500494
0.6387990000001202,0.24388790922975342
0.64000000000012,0.24352920263393402
0.6411990000001199,0.24317050120702155
0.6423960000001195,0.2428118038534629
0.6435910000001194,0.24245310948262613
0.6447840000001192,0.24209441700874995
0.645975000000119,0.24173572535089327
0.6471640000001188,0.2413770334328861
0.6483510000001186,0.24101834018327975
0.6495360000001184,0.24065964453529948
0.6507190000001182,0.24030094542679548
0.6519000000001179,0.2399422418001962
0.6530790000001179,0.239583532602461
0.6542560000001176,0.23922481678503466
0.6554310000001174,0.23886609330379982
0.6566040000001172,0.23850736111903317
0.657775000000117,0.23814861919535993
0.6589440000001168,0.23778986650170944
0.6601110000001167,0.2374311020112711
0.6612760000001164,0.23707232470145123
0.6624390000001162,0.23671353355382993
0.663600000000116,0.2363547275541182
0.6647590000001159,0.2359959056921163
0.6659160000001156,0.23563706696167208
0.6670710000001154,0.23527821036063926
0.6682240000001152,0.23491933489083708
0.6693750000001151,0.2345604395580097
0.6705240000001148,0.23420152337178668
0.6716710000001147,0.23384258534564253
0.6728160000001144,0.2334836244968591
0.6739590000001142,0.233124639846485
0.675100000000114,0.23276563041929862
0.6762390000001138,0.23240659524377
0.6773760000001136,0.2320475333520228
0.6785110000001134,0.2316884437797973
0.6796440000001132,0.2313293255664144
0.680775000000113,0.2309701777547377
0.6819040000001129,0.2306109993911388
0.6830310000001126,0.2302517895254613
0.6841560000001125,0.22989254721098465
0.6852790000001122,0.22953327150439065
0.686400000000112,0.22917396146572727
0.6875190000001119,0.22881461615837548
0.6886360000001116,0.22845523464901513
0.6897510000001115,0.2280958160075906
0.6908640000001112,0.22773635930727876
0.691975000000111,0.22737686362445453
0.6930840000001108,0.22701732803865995
0.6941910000001107,0.22665775163257038
0.6952960000001104,0.22629813349196354
0.6963990000001102,0.22593847270568695
0.6975000000001099,0.22557876836562743
0.6985990000001098,0.22521901956667925
0.6996960000001097,0.22485922540671402
0.7007910000001094,0.22449938498654973
0.7018840000001091,0.2241394974099209
0.702975000000109,0.22377956178344788
0.7040640000001088,0.22341957721660863
0.7051510000001086,0.2230595428217083
0.7062360000001083,0.2226994577138502
0.7073190000001082,0.22233932101090736
0.708400000000108,0.22197913183349408
0.7094790000001078,0.22161888930493742
0.7105560000001075,0.22125859255124908
0.7116310000001074,0.22089824070109795
0.7127040000001073,0.22053783288578246
0.713775000000107,0.22017736823920367
0.7148440000001067,0.21981684589783754
0.7159110000001067,0.219456265000709
0.7169760000001064,0.21909562468936522
0.7180390000001062,0.218734924107849
0.719100000000106,0.21837416240267316
0.7201590000001058,0.21801333872279458
0.7212160000001057,0.21765245221958865
0.7222710000001054,0.2172915020468242
0.7233240000001051,0.2169304873606379
0.724375000000105,0.2165694073195098
0.7254240000001049,0.21620826108423868
0.7264710000001046,0.21584704781791747
0.7275160000001044,0.21548576668590874
0.7285590000001042,0.21512441685582137
0.729600000000104,0.21476299749748623
0.7306390000001038,0.21440150778293282
0.7316760000001036,0.21403994688636582
0.7327110000001034,0.21367831398414167
0.7337440000001033,0.21331660825474583
0.734775000000103,0.21295482887877054
0.7358040000001028,0.21259297503889085
0.7368310000001026,0.21223104591984357
0.7378560000001024,0.21186904070840423
0.7388790000001022,0.21150695859336546
0.7399000000001019,0.2111447987655152
0.7409190000001018,0.21078256041761426
0.7419360000001016,0.2104202427443763
0.7429510000001014,0.2100578449424452
0.7439640000001012,0.2096953662103744
0.744975000000101,0.2093328057486062
0.7459840000001009,0.2089701627594506
0.7469910000001007,0.20860743644706534
0.7479960000001004,0.20824462601743451
0.7489990000001002,0.2078817306783487
0.7500000000001,0.2075187496393856
0.7509990000000998,0.20715568211188895
0.7519960000000996,0.20679252730894943
0.7529910000000994,0.20642928444538475
0.7539840000000992,0.2060659527377206
0.754975000000099,0.20570253140417086
0.7559640000000988,0.2053390196646185
0.7569510000000986,0.20497541674059697
0.7579360000000985,0.20461172185527093
0.7589190000000983,0.20424793423341797
0.7599000000000979,0.2038840531014095
0.7608790000000979,0.20352007768719255
0.7618560000000977,0.20315600722027194
0.7628310000000974,0.20279184093169164
0.7638040000000972,0.20242757805401676
0.764775000000097,0.20206321782131592
0.7657440000000969,0.20169875946914342
0.7667110000000966,0.2013342022345221
0.7676760000000964,0.20096954535592507
0.7686390000000962,0.20060478807325868
0.7696000000000961,0.20023992962784587
0.7705590000000958,0.19987496926240872
0.7715160000000956,0.19950990622105094
0.7724710000000955,0.19914473974924204
0.7734240000000953,0.19877946909380034
0.7743750000000951,0.19841409350287595
0.7753240000000948,0.19804861222593495
0.7762710000000946,0.1976830245137424
0.7772160000000945,0.19731732961834683
0.7781590000000943,0.1969515267930638
0.779100000000094,0.1965856152924599
0.7800390000000939,0.1962195943723369
0.7809760000000937,0.1958534632897161
0.7819110000000935,0.1954872213028227
0.7828440000000932,0.19512086767107042
0.783775000000093,0.19475440165504537
0.7847040000000929,0.19438782251649164
0.7856310000000927,0.19402112951829584
0.7865560000000924,0.19365432192447163
0.7874790000000923,0.1932873990001448
0.7884000000000921,0.19292036001153923
0.7893190000000918,0.1925532042259611
0.7902360000000916,0.1921859309117841
0.7911510000000914,0.19181853933843607
0.7920640000000914,0.19145102877638306
0.792975000000091,0.1910833984971164
0.7938840000000909,0.1907156477731366
0.7947910000000905,0.19034777587794108
0.7956960000000903,0.18997978208600844
0.7965990000000902,0.18961166567278548
0.7975000000000899,0.1892434259146733
0.7983990000000897,0.18887506208901234
0.7992960000000896,0.18850657347406982
0.8001910000000895,0.18813795934902583
0.8010840000000892,0.18776921899395949
0.8019750000000889,0.18740035168983532
0.8028640000000887,0.1870313567184904
0.8037510000000886,0.1866622333626205
0.8046360000000884,0.18629298090576762
0.8055190000000881,0.18592359863230581
0.8064000000000879,0.18555408582742883
0.8072790000000878,0.1851844417771369
0.8081560000000876,0.18481466576822417
0.8090310000000873,0.18444475708826533
0.8099040000000872,0.18407471502560288
0.8107750000000871,0.1837045388693353
0.8116440000000867,0.18333422790930362
0.8125110000000865,0.18296378143607891
0.8133760000000864,0.18259319874095012
0.8142390000000862,0.1822224791159119
0.815100000000086,0.18185162185365214
0.8159590000000857,0.1814806262475393
0.8168160000000856,0.18110949159161052
0.8176710000000854,0.18073821718056016
0.8185240000000852,0.18036680230972701
0.8193750000000849,0.17999524627508254
0.8202240000000848,0.17962354837321876
0.8210710000000847,0.1792517079013372
0.8219160000000844,0.17887972415723688
0.8227590000000842,0.1785075964393014
0.823600000000084,0.17813532404648919
0.8244390000000839,0.1777629062783211
0.8252760000000836,0.17739034243486854
0.8261110000000833,0.17701763181674268
0.8269440000000832,0.17664477372508253
0.8277750000000831,0.17627176746154424
0.8286040000000828,0.17589861232828968
0.8294310000000825,0.17552530762797489
0.8302560000000824,0.17515185266373884
0.8310790000000823,0.17477824673919323
0.831900000000082,0.17440448915841109
0.8327190000000817,0.17403057922591528
0.8335360000000817,0.17365651624666775
0.8343510000000814,0.17328229952605986
0.8351640000000812,0.17290792836989985
0.835975000000081,0.17253340208440324
0.8367840000000808,0.17215871997618176
0.8375910000000807,0.17178388135223296
0.8383960000000804,0.17140888551992944
0.8391990000000802,0.17103373178700823
0.84000000000008,0.17065841946156043
0.8407990000000799,0.1702829478520209
0.8415960000000796,0.16990731626715805
0.8423910000000794,0.16953152401606267
0.8431840000000792,0.1691555704081386
0.8439750000000791,0.168779454753092
0.8447640000000788,0.1684031763609217
0.8455510000000785,0.16802673454190808
0.8463360000000784,0.1676501286066038
0.8471190000000782,0.1672733578658236
0.847900000000078,0.16689642163063426
0.8486790000000778,0.16651931921234456
0.8494560000000776,0.16614204992249534
0.8502310000000775,0.16576461307284973
0.8510040000000773,0.1653870079753835
0.851775000000077,0.16500923394227496
0.8525440000000768,0.16463129028589524
0.8533110000000766,0.16425317631879885
0.8540760000000764,0.16387489135371386
0.8548390000000762,0.1634964347035324
0.855600000000076,0.16311780568130066
0.8563590000000759,0.16273900360020976
0.8571160000000756,0.16236002777358685
0.8578710000000753,0.16198087751488388
0.8586240000000752,0.16160155213766977
0.859375000000075,0.16122205095562064
0.8601240000000748,0.16084237328251025
0.8608710000000745,0.16046251843220066
0.8616160000000744,0.16008248571863293
0.8623590000000743,0.15970227445581836
0.863100000000074,0.1593218839578287
0.8638390000000737,0.15894131353878735
0.8645760000000736,0.15856056251285955
0.8653110000000735,0.15817963019424447
0.8660440000000732,0.15779851589716554
0.8667750000000729,0.1574172189358606
0.8675040000000729,0.15703573862457368
0.8682310000000727,0.1566540742775469
0.8689560000000724,0.1562722252090098
0.8696790000000721,0.15589019073317142
0.870400000000072,0.1555079701642109
0.8711190000000719,0.1551255628162693
0.8718360000000717,0.15474296800344067
0.8725510000000714,0.1543601850397625
0.8732640000000712,0.1539772132392073
0.8739750000000711,0.1535940519156744
0.8746840000000708,0.15321070038298104
0.8753910000000705,0.15282715795485308
0.8760960000000705,0.15244342394491642
0.8767990000000703,0.15205949766668964
0.87750000000007,0.15167537843357398
0.8781990000000698,0.15129106555884497
0.8788960000000696,0.15090655835564448
0.8795910000000695,0.15052185613697172
0.8802840000000692,0.15013695821567533
0.880975000000069,0.1497518639044437
0.8816640000000688,0.1493665725157977
0.8823510000000687,0.1489810833620817
0.8830360000000684,0.14859539575545583
0.8837190000000682,0.14820950900788596
0.884400000000068,0.14782342243113725
0.8850790000000679,0.1474371353367647
0.8857560000000676,0.1470506470361055
0.8864310000000674,0.14666395684026962
0.8871040000000673,0.14627706406013263
0.8877750000000671,0.14588996800632736
0.8884440000000668,0.14550266798923536
0.8891110000000666,0.14511516331897825
0.8897760000000664,0.14472745330541015
0.8904390000000664,0.14433953725810925
0.8911000000000661,0.14395141448637064
0.8917590000000658,0.14356308429919604
0.8924160000000656,0.14317454600528753
0.8930710000000656,0.14278579891303858
0.8937240000000652,0.14239684233052707
0.894375000000065,0.14200767556550517
0.8950240000000647,0.14161829792539316
0.8956710000000646,0.14122870871727042
0.8963160000000645,0.14083890724786827
0.8969590000000642,0.14044889282356124
0.8976000000000639,0.14005866475035914
0.8982390000000637,0.1396682223338989
0.8988760000000636,0.13927756487943735
0.8995110000000633,0.1388866916918433
0.9001440000000631,0.13849560207558836
0.9007750000000629,0.1381042953347403
0.9014040000000628,0.13771277077295463
0.9020310000000625,0.13732102769346724
0.9026560000000623,0.1369290653990854
0.9032790000000622,0.13653688319218066
0.9039000000000621,0.13614448037468171
0.9045190000000618,0.13575185624806543
0.9051360000000616,0.135359010113349
0.9057510000000614,0.13496594127108286
0.9063640000000612,0.13457264902134256
0.906975000000061,0.13417913266372125
0.9075840000000607,0.13378539149732155
0.9081910000000606,0.13339142482074717
0.9087960000000604,0.132997231932097
0.9093990000000602,0.1326028121289558
0.9100000000000599,0.1322081647083871
0.9105990000000598,0.1318132889669243
0.9111960000000596,0.13141818420056536
0.9117910000000594,0.13102284970476313
0.9123840000000591,0.13062728477441812
0.912975000000059,0.1302314887038708
0.9135640000000589,0.12983546078689448
0.9141510000000586,0.12943920031668718
0.9147360000000583,0.12904270658586345
0.9153190000000582,0.12864597888644738
0.9159000000000581,0.12824901650986528
0.9164790000000578,0.1278518187469379
0.9170560000000575,0.12745438488787128
0.9176310000000574,0.1270567142222509
0.9182040000000573,0.12665880603903376
0.918775000000057,0.12626065962654084
0.9193440000000567,0.12586227427244806
0.9199110000000567,0.12546364926377995
0.9204760000000565,0.12506478388690292
0.9210390000000562,0.12466567742751584
0.9216000000000559,0.12426632917064319
0.9221590000000558,0.12386673840062724
0.9227160000000557,0.12346690440112129
0.9232710000000554,0.12306682645508196
0.9238240000000552,0.12266650384475965
0.924375000000055,0.1222659358516938
0.9249240000000549,0.12186512175670353
0.9254710000000546,0.1214640608398813
0.9260160000000544,0.12106275238058335
0.9265590000000542,0.12066119565742418
0.9271000000000541,0.12025938994826828
0.9276390000000538,0.11985733453022265
0.9281760000000535,0.11945502867962876
0.9287110000000534,0.11905247167205506
0.9292440000000532,0.11864966278229039
0.929775000000053,0.11824660128433584
0.9303040000000528,0.1178432864513965
0.9308310000000526,0.11743971755587479
0.9313560000000525,0.11703589386936283
0.9318790000000522,0.11663181466263497
0.932400000000052,0.11622747920563928
0.9329190000000518,0.11582288676749111
0.9334360000000517,0.11541803661646519
0.9339510000000514,0.1150129280199883
0.9344640000000511,0.11460756024463084
0.934975000000051,0.1142019325561002
0.9354840000000509,0.11379604421923273
0.9359910000000506,0.11338989449798734
0.9364960000000503,0.11298348265543566
0.9369990000000502,0.11257680795375584
0.9375000000000501,0.1121698696542259
0.9379990000000498,0.11176266701721488
0.9384960000000495,0.11135519930217491
0.9389910000000494,0.11094746576763459
0.9394840000000493,0.11053946567119166
0.939975000000049,0.11013119826950482
0.9404640000000487,0.1097226628182855
0.9409510000000486,0.10931385857229117
0.9414360000000485,0.1089047847853183
0.9419190000000482,0.10849544071019364
0.942400000000048,0.10808582559876691
0.9428790000000479,0.10767593870190297
0.9433560000000477,0.10726577926947534
0.9438310000000474,0.10685534655035757
0.9443040000000471,0.10644463979241528
0.944775000000047,0.10603365824249925
0.9452440000000469,0.10562240114643812
0.9457110000000466,0.10521086774903055
0.9461760000000463,0.10479905729403613
0.9466390000000462,0.10438696902416925
0.9471000000000461,0.1039746021810916
0.9475590000000458,0.10356195600540428
0.9480160000000455,0.10314902973663857
0.9484710000000455,0.10273582261324979
0.9489240000000453,0.10232233387261054
0.949375000000045,0.10190856275100077
0.9498240000000447,0.10149450848360132
0.9502710000000446,0.10108017030448543
0.9507160000000445,0.1006655474466124
0.9511590000000443,0.10025063914181907
0.951600000000044,0.09983544462081158
0.9520390000000438,0.09941996311315764
0.9524760000000437,0.09900419384728006
0.9529110000000435,0.09858813605044825
0.9533440000000432,0.09817178894876977
0.953775000000043,0.09775515176718275
0.9542040000000429,0.09733822372944916
0.9546310000000426,0.09692100405814658
0.9550560000000423,0.09650349197465931
0.9554790000000423,0.09608568669917088
0.9559000000000422,0.09566758745065806
0.9563190000000418,0.09524919344688142
0.9567360000000416,0.09483050390437603
0.9571510000000414,0.09441151803844657
0.9575640000000413,0.09399223506315768
0.957975000000041,0.09357265419132707
0.9583840000000408,0.09315277463451589
0.9587910000000406,0.09273259560302242
0.9591960000000406,0.09231211630587335
0.9595990000000403,0.0918913359508174
0.9600000000000399,0.09147025374431439
0.9603990000000399,0.09104886889152884
0.9607960000000397,0.09062718059632345
0.9611910000000394,0.0902051880612492
0.9615840000000392,0.08978289048753711
0.961975000000039,0.08936028707509137
0.9623640000000387,0.08893737702248111
0.9627510000000387,0.0885141595269314
0.9631360000000384,0.08809063378431704
0.9635190000000381,0.08766679898915224
0.963900000000038,0.08724265433458327
0.9642790000000379,0.08681819901238141
0.9646560000000376,0.08639343221293429
0.9650310000000373,0.08596835312523662
0.9654040000000372,0.08554296093688234
0.9657750000000371,0.08511725483405853
0.9661440000000368,0.0846912340015354
0.9665110000000365,0.08426489762265651
0.9668760000000364,0.08383824487933388
0.9672390000000363,0.08341127495203768
0.967600000000036,0.0829839870197891
0.9679590000000357,0.08255638026015051
0.9683160000000356,0.0821284538492175
0.9686710000000355,0.08170020696161275
0.9690240000000352,0.08127163877047545
0.969375000000035,0.08084274844745266
0.9697240000000348,0.08041353516269231
0.9700710000000347,0.07998399808483424
0.9704160000000344,0.07955413638100249
0.9707590000000341,0.07912394921679484
0.971100000000034,0.078693435756276
0.9714390000000339,0.07826259516196976
0.9717760000000336,0.0778314265948492
0.9721110000000333,0.07739992921432784
0.9724440000000332,0.07696810217825115
0.9727750000000331,0.07653594464289015
0.9731040000000328,0.0761034557629316
0.9734310000000325,0.0756706346914675
0.9737560000000324,0.07523748057998762
0.9740790000000323,0.0748039925783729
0.974400000000032,0.0743701698348855
0.9747190000000318,0.07393601149615772
0.9750360000000317,0.07350151670718603
0.9753510000000315,0.07306668461132254
0.9756640000000312,0.07263151435026506
0.9759750000000309,0.07219600506404744
0.9762840000000308,0.07176015589103234
0.9765910000000307,0.0713239659679026
0.9768960000000304,0.07088743442965235
0.9771990000000301,0.07045056040957559
0.97750000000003,0.07001334303925981
0.97779900000003,0.06957578144857719
0.9780960000000296,0.06913787476567564
0.9783910000000293,0.06869962211696705
0.9786840000000292,0.06826102262712097
0.9789750000000291,0.06782207541905581
0.9792640000000288,0.06738277961392952
0.9795510000000285,0.06694313433112789
0.9798360000000284,0.0665031386882582
0.9801190000000283,0.06606279180114014
0.980400000000028,0.06562209278379619
0.9806790000000277,0.06518104074844117
0.9809560000000276,0.06473963480547353
0.9812310000000275,0.06429787406346775
0.9815040000000272,0.0638557576291644
0.9817750000000269,0.06341328460745911
0.9820440000000268,0.06297045410139421
0.9823110000000267,0.06252726521215075
0.9825760000000264,0.062083717039038575
0.9828390000000261,0.06163980867948512
0.983100000000026,0.06119553922902698
0.9833590000000259,0.06075090778130176
0.9836160000000256,0.060305913428038135
0.9838710000000254,0.059860555259044025
0.9841240000000252,0.059414832362199625
0.9843750000000251,0.0589687438234469
0.9846240000000248,0.05852228872678095
0.9848710000000245,0.058075466154238205
0.9851160000000244,0.05762827518588707
0.9853590000000243,0.05718071489982174
0.985600000000024,0.0567327843721491
0.9858390000000237,0.05628448267697881
0.9860760000000236,0.05583580888641351
0.9863110000000235,0.05538676207054265
0.9865440000000232,0.05493734129742895
0.9867750000000229,0.05448754563309815
0.9870040000000229,0.0540373741415307
0.9872310000000227,0.05358682588465295
0.9874560000000224,0.053135899922325265
0.9876790000000221,0.05268459531233139
0.987900000000022,0.05223291111036845
0.988119000000022,0.05178084637004023
0.9883360000000216,0.05132840014284507
0.9885510000000213,0.05087557147816295
0.9887640000000212,0.05042235942324691
0.9889750000000211,0.049968763023216095
0.9891840000000208,0.04951478132104333
0.9893910000000206,0.049060413357541424
0.9895960000000205,0.048605658171356675
0.9897990000000203,0.04815051479895917
0.99000000000002,0.04769498227463031
0.9901990000000197,0.047239059630451205
0.9903960000000196,0.04678274589629435
0.9905910000000195,0.046326040099813594
0.9907840000000192,0.04586894126643368
0.9909750000000189,0.04541144841933519
0.9911640000000188,0.04495356057944831
0.9913510000000187,0.044495276765442134
0.9915360000000184,0.044036595993714074
0.9917190000000181,0.04357751727837442
0.991900000000018,0.04311803963124015
0.9920790000000179,0.04265816206182409
0.9922560000000176,0.042197883577324194
0.9924310000000173,0.04173720318260768
0.9926040000000173,0.041276119880204305
0.9927750000000171,0.040814632670298466
0.9929440000000168,0.040352740550711426
0.9931110000000165,0.03989044251689394
0.9932760000000164,0.03942773756191313
0.9934390000000163,0.03896462467644459
0.993600000000016,0.03850110284875999
0.9937590000000157,0.038037171064713104
0.9939160000000156,0.03757282830772977
0.9940710000000155,0.03710807355879936
0.9942240000000152,0.036642905796462025
0.9943750000000149,0.03617732399679451
0.9945240000000148,0.03571132713339931
0.9946710000000147,0.03524491417739882
0.9948160000000145,0.03477808409741824
0.9949590000000141,0.03431083585957382
0.995100000000014,0.03384316842746184
0.9952390000000139,0.03337508076215003
0.9953760000000136,0.03290657182216442
0.9955110000000134,0.03243764056347352
0.9956440000000132,0.03196828593948125
0.995775000000013,0.031498506901014196
0.9959040000000129,0.03102830239630668
0.9960310000000125,0.03055767137099594
0.9961560000000123,0.03008661276809939
0.9962790000000122,0.029615125528009104
0.996400000000012,0.02914320858848428
0.9965190000000118,0.02867086088462943
0.9966360000000115,0.028198081348887384
0.9967510000000114,0.02772486891102422
0.9968640000000113,0.027251222498121664
0.996975000000011,0.026777141034562964
0.9970840000000107,0.026302623442016563
0.9971910000000106,0.025827668639425438
0.9972960000000105,0.025352275542998567
0.9973990000000102,0.0248764430661966
0.9975000000000099,0.02440017011971496
0.9975990000000098,0.023923455611473098
0.9976960000000097,0.023446298446606124
0.9977910000000094,0.022968697527450073
0.9978840000000091,0.022490651753524497
0.997975000000009,0.02201216002152037
0.9980640000000089,0.021533221225296797
0.9981510000000086,0.021053834255859893
0.9982360000000083,0.020573998001343255
0.9983190000000082,0.020093711347008446
0.9984000000000081,0.01961297317522446
0.9984790000000078,0.01913178236545854
0.9985560000000074,0.018650137794256075
0.9986310000000074,0.018168038335228228
0.9987040000000073,0.01768548285905019
0.998775000000007,0.0172024702334365
0.9988440000000067,0.01671899932312559
0.9989110000000067,0.01623506898987205
0.9989760000000065,0.0157506780924367
0.9990390000000062,0.015265825486566584
0.9991000000000059,0.014780510024979217
0.9991590000000058,0.014294730557348161
0.9992160000000057,0.013808485930304107
0.9992710000000053,0.013321774987406729
0.9993240000000051,0.012834596569127997
0.999375000000005,0.012346949512845644
0.9994240000000049,0.011858832652833998
0.9994710000000046,0.011370244820241654
0.9995160000000043,0.01088118484307188
0.9995590000000042,0.010391651546177083
0.9996000000000042,0.00990164375124764
0.9996390000000038,0.00941116027679878
0.9996760000000035,0.00892019993813644
0.9997110000000033,0.008428761547351699
0.9997440000000033,0.007936843913325402
0.999775000000003,0.007444445841703776
0.9998040000000027,0.006951566134857956
0.9998310000000026,0.006458203591895132
0.9998560000000025,0.005964357008645935
0.9998790000000022,0.0054700251776529825
0.9999000000000019,0.004975206888117291
0.9999190000000018,0.004479900925916991
0.9999360000000017,0.003984106073596227
0.9999510000000014,0.003487821110357451
0.9999640000000011,0.0029910448119873766
0.999975000000001,0.0024937759508893305
0.9999840000000009,0.0019960132960766095
0.9999910000000006,0.0014977556131649313
0.9999960000000003,0.0009990016643054013
0.9999990000000002,0.0004997502081410515